name,description,sku,category_name,unit_of_measure,min_stock,max_stock,Manufacturer,Aisle,Shelf,Bin
Rodamiento SKF 6205,Rodamiento de bolas para motor,SKF-6205,Refacción,Pieza,5,50,SKF,A,1,10
Aceite Hidráulico ISO 68,Aceite para sistemas hidráulicos 20L,AH-ISO68-20L,Consumible,Litro,100,500,Mobil,B,2,5
Llave Allen 10mm,Llave hexagonal métrica,LA-10MM,Herramienta,Pieza,3,15,Truper,C,1,20
Filtro de Aire Industrial,Filtro HEPA para compresor,FA-HEPA-001,Refacción,Pieza,10,30,Mann-Filter,A,3,8
